paper_id,paper_title,q_id,q_type,question,expected_answer,expected_concepts,difficulty,source_page,status,reviewer_notes,corrected_answer,corrected_concepts
24_chicken_microbiome,24_chicken_microbiome,24_chicken_microbiome_FR1,factual_recall,"Based on the longitudinal occurrence analysis over the 42-day study period, how many microbial genera were classified into the 'colonization', 'disappearance', and 'core' categories?","The study identified three distinct longitudinal occurrence patterns: 107 genera were classified in the 'colonization' category, 24 genera were in the 'disappearance' category, and 18 genera belonged to the 'core' category that remained present throughout the 42-day period.","colonization, disappearance, core category, 107 genera, 24 genera, 18 genera",easy,8,PENDING,,,
24_chicken_microbiome,24_chicken_microbiome,24_chicken_microbiome_CO2,conceptual,How does the choice between Relative Microbiome Profiling (RMP) and Quantitative Microbiome Profiling (QMP) affect the interpretation of microbial interactions and community variations?,"RMP introduces significant bias by overestimating variations within microbial communities and failing to identify many significant positive taxon-taxon interactions that are captured by QMP. This discrepancy is particularly notable in the mycobiome, where RMP misses many correlations discovered through quantitative methods.","bias, overestimated variations, taxon-taxon interactions, mycobiome, quantitative profiling",medium,"5, 6",PENDING,,,
24_chicken_microbiome,24_chicken_microbiome,24_chicken_microbiome_TE3,technical,"Using the ecological modeling metrics employed in the study, what are the primary assembly processes for bacterial versus fungal communities in the chicken gut?","The study utilized beta nearest taxon index (βNTI) and Raup-Crick (RCBray) metrics to distinguish assembly processes. It determined that bacterial communities are primarily driven by deterministic processes (accounted for 56.7% of assembly), whereas fungal communities are governed more by stochastic processes (accounted for 55.1% of assembly).","beta nearest taxon index, βNTI, deterministic processes, stochastic processes, RCBray",hard,"5, 7",PENDING,,,
19_hpai_canada,19_hpai_canada,19_hpai_canada_FR1,factual_recall,"According to the epidemiological review of the 2022 H5N1 outbreak, how many birds were culled in Canada?","In 2022, Canada experienced a massive wave of HPAI H5N1 infections that resulted in the culling of over 7 million birds. These outbreaks have continued to profoundly affect commercial bird farms both in Canada and across the world.","7 million, birds, culled, Canada, HPAI H5N1",easy,1,PENDING,,,
19_hpai_canada,19_hpai_canada,19_hpai_canada_CO2,conceptual,What are the common clinical presentations and relative frequency of H5N1 clade 2.3.4.4b infections when comparing mammals to humans?,"Infected mammals, including species like skunks and foxes, frequently present with severe neurological signs such as encephalitis or meningoencephalitis which often lead to death. Conversely, human infection with this specific clade remains extremely rare, with fewer than 10 cases reported globally despite the widespread mammalian spillover.","neurological signs, encephalitis, spillover, human infection, rare, clade 2.3.4.4b",medium,2,PENDING,,,
19_hpai_canada,19_hpai_canada,19_hpai_canada_TE3,technical,Which specific viral mutations linked to mammalian adaptation were detected in the neurological tissues of carnivores in Canada and Europe?,"The mutations identified in the brains of various carnivores include PB2-E627K, PB2-E627V, and D701N. These specific genetic markers are recognized as mammalian adaptation mutations and were found in samples collected from both European and Canadian animals.","PB2-E627K, E627V, D701N, mammalian adaptation, brain, carnivores",hard,2,PENDING,,,
23_swine_cultivation,23_swine_cultivation,23_swine_cultivation_FR1,factual_recall,"How many bacterial colonies were isolated in total, and how many distinct sub-ASVs were identified within the Lactobacillus ASV5 group?","The study isolated a total of 1,299 colonies, which clustered into 148 different bacterial taxa across 28 genera. Specifically, near-full-length 16S rRNA sequencing revealed the presence of 13 sub-ASVs within the single V4-defined ASV5 (Lactobacillus).","1,299 colonies, 148 bacterial taxa, 13 sub-ASVs, Lactobacillus ASV5, 16S rRNA sequencing",easy,1,PENDING,,,
23_swine_cultivation,23_swine_cultivation,23_swine_cultivation_CO2,conceptual,"How does the microbial diversity identified by culture-dependent (CD) methods compare to culture-independent (CI) methods across the four growth stages, and what does this imply about the overlap between the two approaches?","Culture-dependent (CD) methods detected significantly higher microbial diversity (measured in ASVs) than culture-independent (CI) methods at all stages, such as 823 vs 555 ASVs at the finishing stage. However, only about half (45.2% to 56.4%) of the ASVs detected by CI methods were actually recovered using the 53 culture methods, suggesting that while CD methods capture more total variants, many taxa seen in sequencing remain uncultured.","CD vs CI diversity, ASV counts, Growth stages, Recovery rate, Overlap",medium,"1, 4",PENDING,,,
23_swine_cultivation,23_swine_cultivation,23_swine_cultivation_TE3,technical,"Based on the PERMANOVA analysis, what was the most significant factor influencing the culturable bacterial community composition, and what specific statistical result supports this?","Oxygen was identified as the primary factor shaping the culturable bacterial community. This was supported by PERMANOVA analysis, where oxygen ranked as the top driver with a mean F-score of 142.1 (P < 0.001).","Oxygen, PERMANOVA, F-score, 142.1, culturable bacterial community",medium,8,PENDING,,,
50_4cseq_protocol,50_4cseq_protocol,50_4cseq_protocol_FR1,factual_recall,"According to the paper's subsampling analysis, what is the minimum number of cis-mapped reads required to generate reproducible 4C profiles?","Subsampling analysis indicates that roughly 50,000–100,000 cis-mapped 4C reads are sufficient to generate reproducible 4C profiles. This allows for reliable contact profile generation even with relatively low sequencing depth.","50,000–100,000, cis-mapped reads, reproducible 4C profiles, subsampling analysis",easy,31,PENDING,,,
50_4cseq_protocol,50_4cseq_protocol,50_4cseq_protocol_CO2,conceptual,How does the distribution of sequencing reads across the genome serve as an indicator of a successful 4C-seq experiment?,"A successful 4C-seq experiment is characterized by a high concentration of reads on the 'cis chromosome,' which is the chromosome containing the viewpoint. Specifically, preferably >60% of the reads should map to this chromosome, reflecting the higher frequency of local chromatin interactions compared to distal or trans-chromosomal interactions.","cis chromosome, viewpoint, 60% of reads, chromatin interactions, mapping distribution",medium,"28, 29",PENDING,,,
50_4cseq_protocol,50_4cseq_protocol,50_4cseq_protocol_TE3,technical,"What is the function of the 'motifPosperc' metric within the pipe4C data processing pipeline, and what value indicates high specificity?","The 'motifPosperc' metric represents the percentage of reads in the FASTQ file where the first restriction enzyme (RE) motif position matches the most frequently occurring first RE motif position. To indicate high specificity of the 4C-seq library, this value should typically be greater than 90%.","motifPosperc, restriction enzyme motif, 90%, specificity, pipe4C",hard,"25, 28",PENDING,,,
11_asf_burkina_faso,11_asf_burkina_faso,11_asf_burkina_faso_FR1,factual_recall,"In the study of the 2018 African Swine Fever Virus (ASFV) outbreaks, how many blood samples were collected in total and how many of those were confirmed positive for ASFV DNA?","According to the study, a total of 62 blood samples were collected from pigs during the field investigations. Out of these sixty-two samples, real-time PCR results confirmed the presence of ASFV DNA in 20 samples.","62 blood samples, 20 positive, real-time PCR, ASFV DNA",easy,4,PENDING,,,
11_asf_burkina_faso,11_asf_burkina_faso,11_asf_burkina_faso_CO2,conceptual,How did the researchers use multi-gene analysis to establish the genetic identity and classification of the ASFV strains responsible for the outbreaks?,"The researchers combined sequencing and phylogenetic analysis of several genes to classify the isolates. They used the partial p72 (B646L) and complete p54 (E183L) genes to identify the virus as Genotype I (specifically Genotype Ia), while the analysis of partial CD2v amino acid sequences allowed them to cluster the isolates into Serogroup 4. This multi-locus approach provided a higher resolution of the virus's identity than single-gene sequencing alone.","Genotype I, Serogroup 4, p72, p54, CD2v, phylogenetic analysis",medium,"1, 5, 6, 8",PENDING,,,
11_asf_burkina_faso,11_asf_burkina_faso,11_asf_burkina_faso_TE3,technical,"What specific software and phylogenetic methods were utilized for the analysis of the ASFV sequences, and what variation was found in the Central Variable Region (CVR)?","The study utilized MEGA 7 software to perform phylogenetic analysis using Neighbor-Joining (NJ), Minimum Evolution (ME), and Maximum Likelihood (ML) methods. Analysis of the B602L gene's Central Variable Region (CVR) revealed four distinct variants of the Tetrameric Repeat Sequence (TRS), containing 32, 24, 23, and 12 repeat units respectively.","MEGA 7, Neighbor-Joining, Minimum Evolution, Maximum Likelihood, Central Variable Region, Tetrameric Repeat Sequence",hard,4,PENDING,,,
16_ppr_ethiopia,16_ppr_ethiopia,16_ppr_ethiopia_FR1,factual_recall,"How many total PPR outbreaks were recorded in the Borena Zone between 2018 and 2022, and which specific month saw the highest percentage of these outbreaks?","According to the retrospective analysis of the DOVAR-II system, a total of 53 PPR outbreaks occurred in the Borena Zone between 2018 and 2022. The seasonal peak for these outbreaks was in January, which accounted for 20.8% of the total recorded cases.","53 outbreaks, Borena Zone, 2018-2022, January, 20.8%",easy,1,PENDING,,,
16_ppr_ethiopia,16_ppr_ethiopia,16_ppr_ethiopia_CO2,conceptual,Why does the study conclude that the current PPR herd immunity in the Borena Zone is insufficient according to international standards?,The study found that the herd immunity level in the region was 68.8% among vaccinated animals. This is considered insufficient because it falls below the 80% threshold recommended by the FAO and WOAH (World Organisation for Animal Health) to effectively control and eliminate the disease within a population.,"68.8%, 80% threshold, FAO-WOAH, herd immunity, vaccination coverage",medium,"1, 4",PENDING,,,
16_ppr_ethiopia,16_ppr_ethiopia,16_ppr_ethiopia_TE3,technical,"Using the multivariable logistic regression results, how do animal age and origin (gifted or purchased) quantify the risk of PPR seropositivity in nonvaccinated animals?","The multivariable logistic regression showed that older animals were 7.3 times more likely to be seropositive (OR: 7.3; 95%CI: 2.7–19.4) compared to adult animals. Furthermore, animal origin was a significant risk factor, with gifted animals being 8.3 times more likely (OR: 8.3) and purchased animals being 4 times more likely (OR: 4) to be seropositive than those born within the flock.","multivariable logistic regression, odds ratio, older animals, gifted animals, purchased animals, OR: 7.3",hard,4,PENDING,,,
28_otu_vs_asv,28_otu_vs_asv,28_otu_vs_asv_FR1,factual_recall,How many total taxa were identified in the full dataset by the OTU-based pipeline compared to the ASV-based pipeline prior to filtering?,"According to the study's results and Table 1, the OTU-based pipeline identified 67,015 taxa in the full dataset. In contrast, the ASV-based pipeline reported significantly fewer unique sequences, identifying only 8,005 taxa.","67,015, 8,005, OTU-based pipeline, ASV-based pipeline, Table 1",easy,5,PENDING,,,
28_otu_vs_asv,28_otu_vs_asv,28_otu_vs_asv_CO2,conceptual,How does the choice of bioinformatic pipeline influence the interpretation of microbial community diversity and composition across different sample types?,"The choice of pipeline results in deviations in community composition ranging from 6.75% to 10.81%, with the OTU-based approach generally reporting higher alpha-diversity and significantly more unique taxa. These inconsistencies are not uniform across all samples; they are more pronounced in biological samples with high variability, such as primary and waste-activated sewage sludge (PWASS), compared to more stable reactor treatments.","alpha-diversity, community composition, pipeline-based deviation, PWASS, variability",medium,"5, 7",PENDING,,,
28_otu_vs_asv,28_otu_vs_asv,28_otu_vs_asv_TE3,technical,What specific software tools and clustering parameters were utilized to define the OTU-based and ASV-based pipelines in this research?,"The OTU-based pipeline utilized VSEARCH for sequence clustering using a 97% similarity threshold. The ASV-based pipeline was implemented using the DADA2 package, which employs specific sequencing error correction algorithms to identify exact amplicon sequence variants rather than clustering by a fixed percentage.","VSEARCH, 97% similarity, DADA2, error correction algorithms, clustering",medium,Methods,PENDING,,,
41_salmonella_wgs_amr,41_salmonella_wgs_amr,41_salmonella_wgs_amr_FR1,factual_recall,"Which specific beta-lactam resistance gene was most commonly identified in Salmonella isolates from imported chicken, and what was its prevalence?","The most common determinant for beta-lactam resistance was blaCMY-2, which was found in 54% of the chicken isolates.","blaCMY-2, 54%, beta-lactam resistance, chicken isolates",easy,7,PENDING,,,
41_salmonella_wgs_amr,41_salmonella_wgs_amr,41_salmonella_wgs_amr_CO2,conceptual,"Based on the findings, how do the antimicrobial resistance (AMR) profiles and serovar distributions differ between Salmonella found in imported raw chicken versus imported edible leaves?","Salmonella from imported raw chicken shows a much higher prevalence of resistance (93%) and multidrug resistance (71%) compared to isolates from edible leaves (3% resistance and 2% MDR). Furthermore, chicken isolates are dominated by specific highly resistant serovars like S. Heidelberg from Brazil, while leaves show a different variety of serovars distributed across various countries of origin as seen in Figure 1.","multidrug resistance (MDR), S. Heidelberg, prevalence, raw chicken, edible leaves",medium,"1, 4, 5",PENDING,,,
41_salmonella_wgs_amr,41_salmonella_wgs_amr,41_salmonella_wgs_amr_TE3,technical,What bioinformatics pipeline and specific quantitative threshold did the researchers use to establish genetic relatedness between Salmonella isolates?,"The researchers used Whole Genome Sequencing (WGS) on the Illumina HiSeq 2500 platform and analyzed the data using KmerID for identification, MOST for MLST typing, and SNP typing for genomic relationships. They defined isolates as being genetically related if they exhibited a pairwise SNP difference of ≤5.","SNP typing, ≤5 SNPs, KmerID, MOST, Illumina HiSeq 2500, pairwise SNP difference",hard,Methods,PENDING,,,
07_salmon,07_salmon,07_salmon_FR1,factual_recall,By what percentage range was Salmon's sensitivity higher in differential expression testing compared to other tools at the same False Discovery Rates (FDRs)?,"Salmon exhibited significantly higher sensitivity in differential expression testing, showing a range of 53% to 450% higher sensitivity compared to other tools at the same False Discovery Rates.","sensitivity, False Discovery Rates, FDR, differential expression testing",easy,2,PENDING,,,
07_salmon,07_salmon,07_salmon_CO2,conceptual,How does Salmon's method of bias correction specifically improve the outcomes of differential expression (DE) analysis?,"Salmon is the first transcriptome-wide quantifier to correct for fragment GC content bias, alongside sequence-specific and positional biases. By modeling these technical artifacts, Salmon reduces false-positive DE calls (decreasing them by a factor of ~2.6 in specific GEUVADIS comparisons) and improves the overall accuracy and reliability of the analysis.","fragment GC content bias, technical artifacts, false-positive, differential expression analysis, reliability",medium,1-2,PENDING,,,
07_salmon,07_salmon,07_salmon_TE3,technical,Describe the algorithmic components and optimization techniques Salmon uses to achieve speed comparable to ultra-fast alignment-free tools while maintaining accuracy.,"Salmon utilizes a dual-phase parallel inference algorithm consisting of online and offline phases, combined with lightweight-mapping (quasi-mapping) for ultra-fast read mapping. For quantification, it employs variational Bayesian (VB) and Expectation-Maximization (EM) optimization, specifically utilizing stochastic, collapsed variational Bayesian inference and rich equivalence classes.","dual-phase parallel inference, lightweight-mapping, variational Bayesian, Expectation-Maximization, rich equivalence classes",hard,"1, 3",PENDING,,,
43_esbl_ecoli_food,43_esbl_ecoli_food,43_esbl_ecoli_food_FR1,factual_recall,What are the reported annual figures for infections and deaths attributed to ESBL-producing E. coli in the European public health sector?,"In Europe, ESBL-producing E. coli has a significant impact on public health, causing approximately 300,000 infections annually. These infections are associated with an estimated 9,000 deaths.","300,000 infections, 9,000 deaths, Europe, ESBL-producing E. coli",easy,6,PENDING,,,
43_esbl_ecoli_food,43_esbl_ecoli_food,43_esbl_ecoli_food_CO2,conceptual,"How does the paper support the claim that ESBL-producing E. coli transmission constitutes a cycle between animals, the environment, and humans?","The paper illustrates complex transmission pathways through an epidemiological diagram involving farms, food industries, and environmental vectors like water and soil. This conceptual framework is supported by genetic analysis showing nearly identical plasmid backbones across various lineages in chickens, cattle, swine, and humans, indicating that the resistance markers are shared across these diverse sectors.","transmission pathways, plasmid backbones, environmental contamination, animal-to-human, genetic similarity",medium,"2, 4",PENDING,,,
43_esbl_ecoli_food,43_esbl_ecoli_food,43_esbl_ecoli_food_TE3,technical,"According to the modeling studies reviewed, what specific reduction in ESBL-producing E. coli prevalence within poultry parent stock is necessary to impact human prevalence?",Modeling studies indicate that the prevalence of ESBL-producing E. coli in poultry parent stock and their associated broiler environments must be reduced to a threshold of less than 1%. Reaching this specific target is projected to drastically reduce the subsequent prevalence of these bacteria in the human population.,"modeling studies, parent stock, less than 1%, prevalence reduction, broiler environments",hard,4,PENDING,,,
37_data_driven_one_health,37_data_driven_one_health,37_data_driven_one_health_FR1,factual_recall,"According to the World Bank, what specific percentage of operational savings can be achieved by co-locating human and animal health laboratories?","Hosting human and animal health laboratories under one roof can provide 26% savings in operational costs, as cited from the World Bank [15] in Table 1.","26%, operational costs, laboratories, World Bank, one roof",easy,3,PENDING,,,
37_data_driven_one_health,37_data_driven_one_health,37_data_driven_one_health_CO2,conceptual,How does the One Health multisectoral framework theoretically reduce disease incidence and economic damage during a zoonotic spillover event?,"The One Health framework utilizes integrated surveillance and early detection to identify infections as they amplify from wild animals through livestock. By intervening early, the system reduces disease incidence in both humans and animals, thereby preventing the severe economic damage seen in cases like Sierra Leone's GDP drop during the Ebola epidemic.","early detection, integrated surveillance, amplification, economic damage, disease incidence",medium,4-5,PENDING,,,
37_data_driven_one_health,37_data_driven_one_health,37_data_driven_one_health_TE3,technical,"Regarding the machine learning modeling referenced from Mollentze et al., what features were used for zoonotic risk prediction and what was the reported accuracy for high-potential viruses?",The machine learning models utilized viral and human genome sequence features to predict risk. These models successfully identified 70.8% of human viruses that possessed high or very high zoonotic potential.,"viral and human genome sequence features, 70.8%, zoonotic potential, Mollentze et al., machine learning",medium,4,PENDING,,,
29_16s_best_practices,29_16s_best_practices,29_16s_best_practices_FR1,factual_recall,What is the recommended target for raw read numbers per sample when starting a 16S rRNA gene sequencing study without prior pilot data?,"In the absence of pilot data for a specific matrix, the paper recommends a raw read number target of 10,000 reads per sample. This serves as a good starting point for researchers to ensure sufficient sequencing depth.","10,000 reads, raw read number, pilot data, 16S rRNA gene sequencing",easy,9,PENDING,,,
29_16s_best_practices,29_16s_best_practices,29_16s_best_practices_CO2,conceptual,Why are Amplicon Sequence Variants (ASVs) considered superior to Operational Taxonomic Units (OTUs) for modern microbiome comparative analyses?,"ASVs are preferred because they can distinguish sequencing errors from true biological variation, allowing for finer biological resolution. Furthermore, unlike OTUs, ASVs can be independently generated and compared across different studies, making them more suitable for large-scale or meta-analysis research.","sequencing errors, biological variation, cross-study comparison, taxonomic resolution",medium,10,PENDING,,,
29_16s_best_practices,29_16s_best_practices,29_16s_best_practices_TE3,technical,How does the technical approach of rarefaction differ from scaling normalization methods like TMM or DESeq2 in handling sample variance?,"Rarefaction equalizes sample variance by subsampling data to a common depth, which has the drawback of discarding potentially valuable data and introducing artificial uncertainty. In contrast, scaling normalization methods like TMM or DESeq2's median of ratios use mathematical transformations to normalize data without the need to discard sequences.","rarefaction, subsampling, TMM, DESeq2, scaling normalization, artificial uncertainty",hard,11,PENDING,,,
04_fastp,04_fastp,04_fastp_FR1,factual_recall,"In a speed evaluation on a 9,316 M base dataset, what were the specific processing times for fastp (PE) compared to Trimmomatic?","In the evaluation, fastp (PE) took 13.3 minutes to process the dataset. In contrast, Trimmomatic required 60.9 minutes, making fastp approximately 4.5 times faster in this specific comparison.","13.3 minutes, 60.9 minutes, fastp (PE), Trimmomatic, speed evaluation",easy,5,PENDING,,,
04_fastp,04_fastp,04_fastp_CO2,conceptual,What design choices and implementation strategies allow fastp to achieve higher performance and lower I/O overhead than traditional FASTQ tools?,"fastp achieves high performance by being implemented in C++ and utilizing multi-threading via a thread pool with data packing (N=1000 reads per pack). To minimize I/O overhead, it employs a single-scan processing architecture, which allows it to perform multiple QC and filtering tasks in one pass rather than reading and writing data multiple times.","C++ implementation, multi-threading, thread pool, single-scan processing, I/O overhead, data packing",medium,Methods,PENDING,,,
04_fastp,04_fastp,04_fastp_TE3,technical,How does fastp's methodology for adapter detection differ between single-end and paired-end sequencing data?,"For single-end data, fastp utilizes a K-mer based automatic adapter detection method. For paired-end data, it uses an overlap-analysis based approach, which not only detects adapters but also enables base correction in the overlapping regions of the reads.","K-mer based, automatic adapter detection, single-end, overlap-analysis, paired-end, base correction",hard,"Methods, 3",PENDING,,,
47_htsflow,47_htsflow,47_htsflow_FR1,factual_recall,What are the five critical issues identified by the authors for effective NGS data management?,"The five critical issues identified for NGS data management are structuring raw data, monitoring analysis flow, automatizing and documenting tools, providing ease of use through a Graphical User Interface (GUI), and ensuring data reproducibility via metadata standards.","structuring raw data, monitoring analysis flow, automatizing tools, ease of use, data reproducibility, metadata standards",easy,1,PENDING,,,
47_htsflow,47_htsflow,47_htsflow_CO2,conceptual,How does HTS-flow balance the trade-off between user accessibility and analytical flexibility compared to platforms like Galaxy?,"HTS-flow prioritizes automation and ease of use for non-experienced users by integrating directly with SMITH LIMS and offering predefined modular scripts. While this approach provides higher automation and streamlines the workflow for biologists, it sacrifices some of the granular parameter flexibility available in more manual platforms like Galaxy.","automation, parameter flexibility, non-experienced users, LIMS integration, standardization, Galaxy",medium,5,PENDING,,,
47_htsflow,47_htsflow,47_htsflow_TE3,technical,Which specific software libraries and packages does HTS-flow utilize to ensure genomic reproducibility and perform secondary analysis of mRNA kinetics?,"HTS-flow ensures reproducibility by adopting standard Bioconductor metadata libraries, specifically TxDb and BSgenome. For specialized secondary analysis involving the quantification of mRNA synthesis and degradation, the system integrates the INSPEcT package.","TxDb, BSgenome, INSPEcT, mRNA synthesis, Bioconductor, reproducibility",hard,5,PENDING,,,
49_pdbinder,49_pdbinder,49_pdbinder_FR1,factual_recall,What specific Matthews Correlation Coefficient (MCC) and Positive Predictive Value (PPV) did PDBinder achieve on the holo (bound) test set of 239 complex pairs?,"According to the findings, on a set of 239 holo complex pairs, PDBinder obtained an MCC of 0.313 with a PPV of 0.413. These metrics characterize the method's performance in identifying binding residues in the bound state of the protein.","MCC, PPV, 0.313, 0.413, holo test set",easy,1,PENDING,,,
49_pdbinder,49_pdbinder,49_pdbinder_CO2,conceptual,"How does PDBinder's performance on apo proteins compare to its performance on holo proteins, and what does this suggest about the method's robustness?","PDBinder maintains robust performance when transitioning from holo to apo proteins, with the MCC only dropping from 0.313 to 0.271 and the PPV from 0.413 to 0.372. This relatively small decrease in performance, compared to other existing tools, suggests that PDBinder's knowledge-based structural motifs are effective at identifying binding sites even when the protein has not undergone ligand-induced conformational changes.","apo proteins, performance drop, robustness, structural motifs, ligand-induced changes",medium,1,PENDING,,,
49_pdbinder,49_pdbinder,49_pdbinder_TE3,technical,Explain the role of 'Spatial Clustering' in the PDBinder methodology and the specific parameters used for this step.,"Spatial Clustering is used as a refinement step in the PDBinder pipeline to improve residue predictions. It utilizes a 10 Å radius filtering step to discard high-propensity predictions that are spatially isolated, thereby focusing the prediction on clustered regions more likely to form a functional binding site.","Spatial Clustering, 10 Å radius, filtering, spatially isolated, refine residue predictions",medium,1,PENDING,,,
08_deseq2,08_deseq2,08_deseq2_FR1,factual_recall,"In the reproducibility analysis where a dataset was split into two independent halves, what specific improvement in the overlap of the top 100 genes was observed when using shrunken MAP estimates compared to standard MLE estimates?",The overlap of the top 100 genes ranked by fold change improved from 21% using standard MLE estimates to 81% when using shrunken MAP estimates. This demonstrates that shrunken LFC estimates are significantly more reproducible than standard estimates.,"MAP estimates, MLE estimates, reproducibility, fold change, overlap percentage",easy,5,PENDING,,,
08_deseq2,08_deseq2,08_deseq2_CO2,conceptual,How does the DESeq2 framework utilize Empirical Bayes shrinkage to handle the high uncertainty associated with low-count genes in both dispersion and fold change estimation?,"DESeq2 applies Empirical Bayes shrinkage in two distinct steps: first, gene-wise dispersion estimates are shrunk toward a mean-dependent trend line to stabilize variance. Second, logarithmic fold change (LFC) estimates are shrunk toward zero using a zero-centered normal prior (MAP estimation), which effectively filters out noisy, high-fold-change estimates caused by low-count genes and improves the ranking of genes for downstream analysis.","Empirical Bayes shrinkage, dispersion estimation, MAP estimation, low-count genes, logarithmic fold change, trend line",medium,"3, 4, 5",PENDING,,,
08_deseq2,08_deseq2,08_deseq2_TE3,technical,"What is the specific purpose of the regularized logarithm (rlog) transformation, and how does its performance compare to an ordinary log transformation in terms of variance stabilization?","The rlog transformation is designed for variance stabilization across the entire dynamic range of count data. Unlike the ordinary log transformation, where gene-wise standard deviation remains highly variable and dependent on the mean, rlog ensures that the standard deviation remains stable across the range of mean counts, which is particularly beneficial for sample clustering and distance visualizations.","regularized logarithm (rlog), variance stabilization, standard deviation, mean expression, dynamic range, clustering",hard,8,PENDING,,,
18_fmd_review,18_fmd_review,18_fmd_review_FR1,factual_recall,"According to the paper, what are the primary sites of FMDV infection in ruminants and pigs?","The primary site of FMDV infection in ruminants is the nasopharynx (specifically the nasopharyngeal mucosa). In pigs, the primary infection site is the oropharynx, typically involving the oropharyngeal tonsils.","nasopharynx, oropharynx, ruminants, pigs, primary site of infection",easy,5,PENDING,,,
18_fmd_review,18_fmd_review,18_fmd_review_CO2,conceptual,"How does the FMDV 'carrier state' differ between pigs and ruminants, and what biological evidence challenges the historical 28-day threshold for this state?","Pigs do not develop a persistent carrier state and efficiently clear FMDV from all tissues following recovery, whereas ruminants can maintain the virus long-term. The historical 28-day threshold for defining this state is considered biologically arbitrary because it was based on fixed study durations; current research shows the biological transition to a persistent state actually occurs between 7-21 days post-infection.","carrier state, persistence, 28-day threshold, ruminants, viral clearance, 7-21 days",hard,"5, 8",PENDING,,,
18_fmd_review,18_fmd_review,18_fmd_review_TE3,technical,What are the specific quantitative estimates for preclinical transmission (theta) in pigs and cattle as identified in the research synthesis?,"The proportion of preclinical transmission, represented as theta, is estimated at 0.12 (12%) for pigs. In cattle, this value is significantly higher, ranging up to 0.44 (44%) when using proxy measures of viral presence.","preclinical transmission, theta, 0.12, 0.44, proxy measures",medium,11,PENDING,,,
35_isse_framework_amr,35_isse_framework_amr,35_isse_framework_amr_FR1,factual_recall,What are the five distinct levels of evaluation defined in the Integrated Surveillance System Evaluation (ISSE) framework?,"The ISSE framework consists of five levels: level 1 is integration, level 2 is the production of information, level 3 is the generation of knowledge, level 4 is the influence on decisions, and level 5 is the impact on outcomes. These levels were developed using a participatory process to assess the entire value chain of a surveillance system.","integration, production of information, generation of knowledge, influence on decisions, impact on outcomes",easy,4,PENDING,,,
35_isse_framework_amr,35_isse_framework_amr,35_isse_framework_amr_CO2,conceptual,Why did the authors conclude that existing evaluation tools like ATLASS and NEOH were insufficient for assessing the full value of integrated surveillance systems?,"Based on a mapping exercise of 12 existing tools, the authors found that none of the tools covered all five levels of the ISSE framework. While tools like ATLASS cover multiple levels, most focus heavily on the early stages like integration (Level 1) or information production (Level 2), leaving a gap in evaluating how surveillance actually influences decisions and impacts public health outcomes.","review of 12 existing tools, none specifically developed for OH integrated surveillance, coverage gaps in evaluation levels, decision-making, impact on outcomes",medium,8,PENDING,,,
35_isse_framework_amr,35_isse_framework_amr,35_isse_framework_amr_TE3,technical,How does the ISSE framework technically measure the level of One Health integration across different surveillance activities?,"The framework utilizes a semi-quantitative measurement scale ranging from 0 to 5 to assess the degree of integration. This measurement is specifically applied across four core surveillance activities: data collection, analysis, interpretation, and dissemination.","semi-quantitative scale, 0-5 scale, collection, analysis, interpretation, dissemination",hard,Table 3,PENDING,,,
38_one_health_africa,38_one_health_africa,38_one_health_africa_FR1,factual_recall,What is the reported case fatality rate for bat-originated viral zoonotic diseases in Africa according to the paper?,The paper reports a 61% case fatality rate for bat-originated viral zoonotic diseases in Africa. This high rate contributes to the disproportionately fatal burden of zoonotic diseases on the continent.,"61%, case fatality rate, bat-originated, viral zoonotic diseases, Africa",easy,2,PENDING,,,
38_one_health_africa,38_one_health_africa,38_one_health_africa_CO2,conceptual,How does the paper justify the 'business case' for the One Health approach in the context of zoonotic disease prevention?,"The economic justification, or 'business case,' for the One Health approach is based on the high cost-effectiveness of primary prevention. The paper notes that prevention actions cost less than 1/20th of the value of lives lost each year to these diseases, making a strong argument for institutionalizing these strategies to mitigate the high burden of illness and death.","business case, primary prevention, cost-effective, 1/20th, value of lives lost, One Health approach",medium,2,PENDING,,,
38_one_health_africa,38_one_health_africa,38_one_health_africa_TE3,technical,"According to the disease burden metrics provided, what percentages of existing and emerging infectious diseases in humans are zoonotic, and what is the resulting impact in low- and middle-income countries?",The paper cites that 60% of existing and 75% of newly emerging infectious diseases in humans are zoonotic. These diseases result in an estimated 2.5 billion cases of human illness and 2.7 million deaths annually within low- and middle-income countries.,"60%, 75%, emerging infectious diseases, 2.5 billion cases, 2.7 million deaths, low- and middle-income countries",medium,2,PENDING,,,
10_cutadapt,10_cutadapt,10_cutadapt_FR1,factual_recall,What unique capability does Cutadapt offer compared to other standalone tools in the context of read trimming?,Cutadapt is the only standalone tool that is capable of correctly trimming color-space reads (SOLiD data). This distinguishes it from other tools that may require integrated pipelines or lack support for double encoding.,"standalone tool, color-space, trimming, SOLiD",easy,1,PENDING,,,
10_cutadapt,10_cutadapt,10_cutadapt_CO2,conceptual,How does the implementation of Cutadapt balance the trade-off between user accessibility and computational efficiency?,"Cutadapt is primarily implemented in Python to ensure ease of use and flexibility, but it utilizes C extensions for the core alignment tasks to achieve high speed. Despite these optimizations, the overall performance is often limited by input/output operations, such as file parsing, which can consume more than half of the total processing time.","Python implementation, C extensions, alignment speed, I/O bottleneck, parsing",medium,1-2,PENDING,,,
10_cutadapt,10_cutadapt,10_cutadapt_TE3,technical,What are the specific performance metrics for Cutadapt when processing 35 bp colour-space reads with an 18 bp adapter on a 2.66 GHz Intel Core 2 processor?,"Under these specific hardware and sequence parameters, Cutadapt can process approximately 1 million reads per minute. This performance corresponds to a per-read trimming speed of approximately 0.06 ms on a single processor core.","1 million reads per minute, 0.06 ms per read, single core, 2.66 GHz Intel Core 2",hard,2,PENDING,,,
17_brucellosis_ethiopia,17_brucellosis_ethiopia,17_brucellosis_ethiopia_FR1,factual_recall,What specific districts in the Somali Region of Ethiopia were included as study areas for this research?,"The study was conducted in three specific districts within the Somali Region of Ethiopia: Goro Baqaqsa, Guradamole, and Dolo Ado. These locations are represented in the study's map of the study areas.","Somali Region, Goro Baqaqsa, Guradamole, Dolo Ado, Ethiopia",easy,3,PENDING,,,
17_brucellosis_ethiopia,17_brucellosis_ethiopia,17_brucellosis_ethiopia_CO2,conceptual,"Based on the study's findings, how does the clinical history of livestock relate to the likelihood of brucellosis seropositivity in both small ruminants and camels?","In both species, a history of reproductive health issues, specifically Retained Fetal Membranes (RFM), is a major predictor of seropositivity. Camels with a history of RFM showed the strongest association with the disease (OR: 35), while small ruminants with the same history were 9 times more likely to test positive compared to those without.","Retained fetal membranes (RFM), seropositivity, risk factors, small ruminants, camels, Odds Ratio (OR)",medium,4,PENDING,,,
17_brucellosis_ethiopia,17_brucellosis_ethiopia,17_brucellosis_ethiopia_TE3,technical,Describe the laboratory diagnostic sequence and the statistical methods used to identify significant risk factors for brucellosis in this study.,"The researchers employed a two-step diagnostic approach, starting with the Rose Bengal Plate Test (RBPT) for initial screening of serum samples, followed by a competitive enzyme-linked immunosorbent assay (cELISA) for confirmation. Statistical analysis was performed using R software, utilizing both univariable and multivariable logistic regression to calculate odds ratios and determine p-values for risk factors.","Rose Bengal Plate Test (RBPT), cELISA, multivariable logistic regression, R software, screening, serum samples",hard,"4, 7",PENDING,,,
36_integrated_amr_surveillance,36_integrated_amr_surveillance,36_integrated_amr_surveillance_FR1,factual_recall,"How many integrated surveillance systems for ABR were identified in the review, and what is their geographic distribution?","The scoping review identified 14 distinct integrated surveillance systems for ABR. All of these systems operate exclusively in high-income countries, with 11 located in Europe, 2 in North America, and 1 in Asia.","14 systems, high-income countries, Europe, North America, Asia",easy,8,PENDING,,,
36_integrated_amr_surveillance,36_integrated_amr_surveillance,36_integrated_amr_surveillance_CO2,conceptual,"Based on the study's findings, what is the current state of knowledge regarding the outcomes and impacts of integrating ABR surveillance systems?","The study concludes that evidence regarding the actual outcomes and impacts of integration within these surveillance systems is sparse and poorly described in existing literature. While the systems can be categorized by their structural and informational integration, the specific benefits or results stemming from this integration remain under-evidenced.","sparse evidence, outcomes, impacts, poorly described, integration",medium,1,PENDING,,,
36_integrated_amr_surveillance,36_integrated_amr_surveillance,36_integrated_amr_surveillance_TE3,technical,Describe the statistical methodology and the number of variables used to generate the typology of the identified surveillance systems.,The researchers conducted a descriptive analysis of 39 organizational and functional variables across domains like scope and collaboration. A subset of 16 variables was then used in Multiple-correspondence analysis (MCA) and Hierarchical cluster analysis (HCA) to group the 14 systems into four distinct typology clusters based on their levels of informational and structural integration.,"39 variables, 16 variables for MCA/HCA, Multiple-correspondence analysis (MCA), Hierarchical cluster analysis (HCA), four typology clusters, informational and structural integration",hard,"1, 14",PENDING,,,
01_sarek,01_sarek,01_sarek_FR1,factual_recall,"What is the total storage capacity required for the resulting BAM, annotated VCF, and CNV files for a 90x/90x tumor/normal WGS dataset processed by Sarek?","Processing a 90x/90x WGS dataset requires approximately 1.4 TB (specifically 1378 GB) for the final result files, excluding temporary data. This storage allocation covers BAM files, annotated VCF files, and CNV files.","1.4 TB, 1378 GB, 90x/90x dataset, BAM files, VCF files",easy,4,PENDING,,,
01_sarek,01_sarek,01_sarek_CO2,conceptual,How does the Sarek workflow architecture address the dual needs of computational reproducibility and scientific best practices in variant calling?,"Sarek ensures computational reproducibility and portability by utilizing the Nextflow workflow language alongside containerization (Docker, Singularity) and environment management (Conda). Scientifically, it adheres to GATK best-practice recommendations for pre-processing steps, such as deduplication and recalibration, before performing variant calling using established tools like HaplotypeCaller or Mutect2.","Nextflow, Containerization, GATK best-practice, Reproducibility, Portability",medium,1-2,PENDING,,,
01_sarek,01_sarek,01_sarek_TE3,technical,"Based on the benchmarking results, what is the specific F1 score achieved for somatic single-base mutations (SSM) when using the intersection of GATK4 Mutect2 and Strelka2?",Sarek achieves an F1 score of 0.80 for somatic single-base mutations (SSM) when evaluating the intersection of the GATK4 Mutect2 and Strelka2 callers. This result is based on benchmarking against a defined 'Gold Set' as described in the somatic variant calling analysis.,"F1 score, 0.80, Mutect2, Strelka2, Intersection",hard,6,PENDING,,,
40_animal_agriculture_one_health,40_animal_agriculture_one_health,40_animal_agriculture_one_health_FR1,factual_recall,What percentage of all human pathogens and emerging diseases affecting humans are estimated to be zoonotic in origin?,"According to the paper, approximately 60% of all human pathogens and 75% of emerging diseases affecting humans are zoonotic. These diseases are estimated to cause about one billion cases worldwide each year.","60% of human pathogens, 75% of emerging diseases, zoonotic, one billion cases",easy,2,PENDING,,,
40_animal_agriculture_one_health,40_animal_agriculture_one_health,40_animal_agriculture_one_health_CO2,conceptual,How does animal agriculture facilitate the development and transmission of antimicrobial resistance (AMR) from farms to the human population?,"Animal agriculture facilitates AMR through the high-volume use of antimicrobials for non-therapeutic purposes like growth promotion, which creates selective pressure for resistant bacteria. These resistant strains develop through biological mechanisms like horizontal gene transfer (HGT) and vertical transmission, eventually spreading to humans via direct contact, contaminated food products, and environmental routes.","growth promotion, horizontal gene transfer (HGT), environmental contamination, non-therapeutic use, selective pressure",medium,"2, 4, 8",PENDING,,,
40_animal_agriculture_one_health,40_animal_agriculture_one_health,40_animal_agriculture_one_health_TE3,technical,"Based on the paper's findings, what are the specific projected global health and economic impacts of antimicrobial resistance (AMR) by the year 2050?","By the year 2050, antimicrobial resistance is predicted to result in 10 million human deaths annually. Furthermore, the economic burden is expected to be significant, with global healthcare costs exceeding $1 trillion USD per year.","10 million deaths, $1 trillion USD, 2050, healthcare costs, annual mortality",medium,6,PENDING,,,
46_methylpipe,46_methylpipe,46_methylpipe_FR1,factual_recall,"According to the performance metrics, how many human promoters can methylPipe profile in approximately 50 seconds using a single core?","In a performance test using a single core and less than 1GB of RAM peak usage, methylPipe is able to profile 100 human promoters in a sample in approximately 50 seconds.","100 human promoters, 50 seconds, single core, 1GB RAM",easy,9,PENDING,,,
46_methylpipe,46_methylpipe,46_methylpipe_CO2,conceptual,"Based on the comparative analysis against other software tools, what distinguishes methylPipe and radMeth from packages such as BiSeq or bsseq for WGBS tasks?","MethylPipe and radMeth are distinguished by their efficiency and scalability; they were the only tools evaluated that successfully completed all proposed Whole Genome Bisulfite Sequencing (WGBS) analysis tasks using standard computational resources. In contrast, other tools like BiSeq, M3D, and bsseq failed to complete all tasks under the same standard resource constraints.","WGBS analysis tasks, standard resources, efficiency, radMeth, scalability",medium,8,PENDING,,,
46_methylpipe,46_methylpipe,46_methylpipe_TE3,technical,"What statistical algorithms does the system use for identifying Differentially Methylated Regions (DMRs), and what are the resource requirements for genome-wide identification?","The system utilizes Wilcoxon and Kruskal-Wallis tests for the identification of Differentially Methylated Regions (DMRs). For a full genome-wide analysis between two WGBS samples, this process requires approximately 45 minutes of computation time using 10 cores and reaches a peak memory usage of 28GB RAM.","Wilcoxon test, Kruskal-Wallis test, 45 minutes, 10 cores, 28GB RAM",hard,9,PENDING,,,
05_multiqc,05_multiqc,05_multiqc_FR1,factual_recall,"According to the paper, how many common bioinformatics tools does MultiQC support at the time of writing?","MultiQC successfully aggregates output from 22 common bioinformatics tools. This includes a variety of tools such as aligners, processing tools, and quality control (QC) programs.","22, bioinformatics tools, aligners, processing tools, QC programs",easy,2,PENDING,,,
05_multiqc,05_multiqc,05_multiqc_CO2,conceptual,How does MultiQC's approach to data presentation assist researchers in identifying quality issues across large-scale projects?,"By aggregating data from multiple samples into a single report with shared plots, MultiQC allows for a fast scan of key statistics across an entire project. This centralized view facilitates the identification of batch effects and outliers through accurate comparison between samples, revealing subtle differences that might be missed in individual reports.","batch effects, outliers, shared plots, sample comparison, centralized report",medium,1-2,PENDING,,,
05_multiqc,05_multiqc,05_multiqc_TE3,technical,Which specific software libraries and architectural mechanisms does MultiQC use to handle data visualization and support custom extensions?,"MultiQC utilizes the Jinja2 template engine for rendering HTML reports, with HighCharts for interactive JavaScript visualizations and MatPlotLib for static plots in large datasets. For extensibility, it employs a plugin system using Python setuptools entry points to allow for custom submodules and extensions.","HighCharts, MatPlotLib, Jinja2, setuptools entry points, plugin system",hard,Methods,PENDING,,,
31_amr_one_health,31_amr_one_health,31_amr_one_health_FR1,factual_recall,"According to the World Health Organization's 2019 data, how many of the 32 antimicrobials in hospital development were classified as innovative?","In 2019, the World Health Organization (WHO) identified 32 antimicrobials in hospital development, but only six of these were classified as innovative. This finding highlights a critical lack of new and innovative treatments in the development pipeline.","WHO, 32 antimicrobials, six innovative, hospital development, lack of new treatments",easy,1,PENDING,,,
31_amr_one_health,31_amr_one_health,31_amr_one_health_CO2,conceptual,How does the metabolism and excretion of antimicrobials in animals contribute to environmental concerns within the One Health framework?,"Within the One Health perspective, animal health and environmental health are linked by the fact that animals excrete a significant percentage (75%–90%) of antimicrobials without them being metabolized. Because the volume of antimicrobials used in animals is greater than in humans, this leads to the widespread dispersion of active substances into the environment, potentially driving resistance.","One Health, 75%–90%, unmetabolized, environmental dispersion, animal excretion",medium,"2, 3, 4",PENDING,,,
31_amr_one_health,31_amr_one_health,31_amr_one_health_TE3,technical,Compare the recorded usage in tons of fluoroquinolones and third- and fourth-generation cephalosporins in animals between Europe (2017) and the USA (2018).,"In Europe (2017), animal usage was recorded at 18 tons of third- and fourth-generation cephalosporins and 216 tons of fluoroquinolones. In contrast, the USA (2018) recorded higher cephalosporin usage at 31.44 tons but significantly lower fluoroquinolone usage at 23.3 tons.","18 tons, 216 tons, 31.44 tons, 23.3 tons, fluoroquinolones, cephalosporins",hard,"3, 4",PENDING,,,
21_livestock_gut_microbiome_review,21_livestock_gut_microbiome_review,21_livestock_gut_microbiome_review_FR1,factual_recall,"In cattle, which two bacterial phyla are the most abundant and what percentage of the gastrointestinal tract bacterial community can they represent?","In cattle, the most abundant bacterial phyla are Bacteroidetes and Firmicutes. Together, these two phyla can account for more than 90% of the entire gastrointestinal tract (GIT) bacterial community.","Bacteroidetes, Firmicutes, 90%, gastrointestinal tract, bacterial phyla",easy,4,PENDING,,,
21_livestock_gut_microbiome_review,21_livestock_gut_microbiome_review,21_livestock_gut_microbiome_review_CO2,conceptual,What are the primary biases currently existing in livestock gut microbiome research regarding breed selection and taxonomic focus?,"Research is currently biased toward a small number of globally distributed, highly selected cosmopolitan breeds, which leads to an oversight of local breeds adapted to harsh environments. Furthermore, there is a significant taxonomic bias where the bulk of research focuses almost exclusively on bacteria, leaving other components like protists, fungi, and viruses under-studied.","cosmopolitan breeds, local breeds, taxonomic bias, non-bacterial components, protists, fungi",medium,1,PENDING,,,
21_livestock_gut_microbiome_review,21_livestock_gut_microbiome_review,21_livestock_gut_microbiome_review_TE3,technical,Which specific bioinformatics tools and molecular sequencing techniques are utilized in the analysis of the livestock microbiome as described in the paper's methods?,"The study utilizes molecular techniques including Amplicon Metabarcoding (targeting 16S, 18S, and ITS rRNA), Shotgun Metagenomic Sequencing, and Metatranscriptomics (RNASeq). For data processing and functional prediction, bioinformatics tools such as QIIME, PICRUSt, and Tax4Fun are employed.","Amplicon Metabarcoding, Shotgun Metagenomic Sequencing, QIIME, PICRUSt, Tax4Fun, Metatranscriptomics",hard,1,PENDING,,,
12_hpai_netherlands,12_hpai_netherlands,12_hpai_netherlands_FR1,factual_recall,What was the specific percentage increase in the distribution of HPAI outbreaks in meat-type poultry when comparing the 2014–2018 period to the 2020–2022 period?,The distribution of HPAI outbreaks in meat-type poultry increased from 6.3% in the 2014–2018 period to 39.5% in the 2020–2022 period.,"meat-type poultry, 6.3%, 39.5%, 2014–2018, 2020–2022",easy,6,PENDING,,,
12_hpai_netherlands,12_hpai_netherlands,12_hpai_netherlands_CO2,conceptual,How do the clinical presentations and mortality detection thresholds of HPAI differ between chicken populations (Galliformes) and duck populations (Anseriformes) according to the study?,"Ducks are more likely to exhibit nervous/locomotor (66.7%) and reproductive signs (100%), whereas chickens primarily show mucosal/skin signs (55.0–67.8%). Additionally, chickens are more easily detected via mortality monitoring, with over 80% reaching a Mortality Ratio (MR) > 3 before notification, compared to only 53.8% of duck flocks.","nervous/locomotor signs, reproductive tract signs, mucosal/skin signs, Mortality Ratio (MR), Galliformes, Anseriformes",hard,"7, 9",PENDING,,,
12_hpai_netherlands,12_hpai_netherlands,12_hpai_netherlands_TE3,technical,How did the researchers define and calculate the Mortality Ratio (MR) metric used to assess early warning signals on the infected farms?,The Mortality Ratio (MR) was calculated by comparing the mortality recorded on the day before notification to the average mortality recorded during the previous week. A threshold of MR > 3 was specifically used to identify farms that reached an early warning level of increased mortality.,"day-before-notification mortality, average of the previous week, Mortality Ratio, MR > 3, early warning threshold",medium,"Methods, 9",PENDING,,,
20_lsd_review,20_lsd_review,20_lsd_review_FR1,factual_recall,What is the reported efficacy of the homologous vaccine Lumpi-ProVacInd developed in India?,"The homologous vaccine Lumpi-ProVacInd, which was developed by scientists at the Indian Council of Agricultural Research (ICAR), has an efficacy rate of 100%.","Lumpi-ProVacInd, ICAR, 100%, homologous vaccine",easy,6,PENDING,,,
20_lsd_review,20_lsd_review,20_lsd_review_CO2,conceptual,How does the clinical impact of Lumpy Skin Disease Virus (LSDV) differ in terms of its spread within a herd versus its lethality?,"LSDV is characterized by extremely high morbidity but relatively low mortality. While the illness can spread to up to 100% of a cattle herd (high morbidity), the mortality rate typically remains below 10%. The impact is primarily seen through widespread clinical symptoms like fever, skin nodules, and decreased milk production rather than high death rates.","high morbidity, low mortality, 100% morbidity, 10% mortality, clinical symptoms",medium,4,PENDING,,,
20_lsd_review,20_lsd_review,20_lsd_review_TE3,technical,"According to the comparative analysis of vaccinations, what is the specific cross-protection rate between LSDV and related poxviruses, and which viruses are involved?",LSDV shares a high cross-protection rate of approximately 96% when vaccinations are administered using the Sheep Pox Virus and the Goat Pox Virus. This high rate of protection is a key factor in using these related virus strains for immunization strategies.,"96% cross-protection, Sheep Pox Virus, Goat Pox Virus, vaccination efficacy",hard,2,PENDING,,,
33_amr_food_animals,33_amr_food_animals,33_amr_food_animals_FR1,factual_recall,"What percentage of antibiotics administered to food animals is estimated to be excreted without being absorbed, and through what primary mediums does this occur?","According to the paper, approximately 75% of antibiotics administered to food animals are not absorbed by their bodies. These substances are subsequently excreted into the environment through the animal's feces and urine.","75%, excreted, feces, urine, not absorbed",easy,1,PENDING,,,
33_amr_food_animals,33_amr_food_animals,33_amr_food_animals_CO2,conceptual,How do antibiotic-resistant bacteria (ARB) and genes (ARGs) originate in food animal farms and eventually reach the human population through different environmental and occupational pathways?,"ARB and ARGs spread from farms to humans via a multi-faceted process involving direct contact, environmental dispersion, and the food chain. Occupational risks are high for slaughterhouse workers (e.g., 50% MDR E. coli prevalence), while environmental transmission occurs through bioaerosols that can travel up to 10 km and the contamination of water and soil that eventually enters the human food supply or healthcare systems.","bioaerosols, occupational risk, food chain, environmental contamination, transmission pathways, direct contact",medium,"2, 7",PENDING,,,
33_amr_food_animals,33_amr_food_animals,33_amr_food_animals_TE3,technical,"Based on the findings regarding novel mitigation technologies, what is the specific mechanism and efficiency of using graphene oxide (GO) nanosheets for water treatment?",Graphene oxide (GO) nanosheets are used to remove antibiotic resistance genes (ARGs) from water with an efficiency of approximately 80%. This removal is achieved through a specific chemical mechanism known as π-stacking (pi-stacking) interactions between the ARGs and the nanosheets.,"Graphene oxide, 80% removal, π-stacking, nanosheets, ARGs",hard,8,PENDING,,,
34_one_health_framework,34_one_health_framework,34_one_health_framework_FR1,factual_recall,What are the estimated annual public health and economic benefits of the PulseNet laboratory network according to the paper?,"The PulseNet laboratory network is estimated to avert 270,000 foodborne illnesses and save US $507 million annually. These results are achieved through the effective sharing of laboratory data.","PulseNet, 270,000 foodborne illnesses, US $507 million, data sharing",easy,6,PENDING,,,
34_one_health_framework,34_one_health_framework,34_one_health_framework_CO2,conceptual,How does the Generalized One Health Framework (GOHF) aim to improve zoonotic disease programming?,"The GOHF improves zoonotic disease programming by providing a five-step stepwise framework coupled with a resource toolkit that synthesizes successful existing processes and idealized models. It distinguishes between overarching One Health systems and specific disease programs, utilizing cross-cutting technical domains to achieve defined objectives and outcomes at each stage.","Generalized One Health Framework, five-step stepwise framework, resource toolkit, zoonotic disease programming, technical domains",medium,"2, 3",PENDING,,,
34_one_health_framework,34_one_health_framework,34_one_health_framework_TE3,technical,"According to the paper, what is the specific threshold for dog vaccination coverage required for rabies control, and how does smartphone-based H5N1 detection compare to traditional methods?","For rabies control, a critical threshold of 70% or higher vaccination coverage in dog populations is required to reduce human cases. Regarding H5N1 avian influenza, smartphone-based diagnostic systems achieve a two-fold higher detectability than traditional fluorescent strip readers in clinical samples.","70% vaccination coverage, rabies, H5N1 avian influenza, two-fold higher detectability, fluorescent strip readers",hard,"5, 6",PENDING,,,
44_eu_amr_report_2022,44_eu_amr_report_2022,44_eu_amr_report_2022_FR1,factual_recall,"According to the 2022 data for human Salmonella cases, what was the specific resistance percentage observed for S. Kentucky against ciprofloxacin?",An extremely high proportion of 72.7% resistance was noted in S. Kentucky isolates from human cases in 2022.,"72.7%, S. Kentucky, ciprofloxacin resistance",easy,5,PENDING,,,
44_eu_amr_report_2022,44_eu_amr_report_2022,44_eu_amr_report_2022_CO2,conceptual,"Based on the reported resistance levels in 2021-2022, what is the clinical implication regarding the use of fluoroquinolones for treating human Campylobacter infections?",Fluoroquinolones can no longer be recommended for the treatment of Campylobacter infections in humans because C. jejuni and C. coli from both human and animal origins showed high to extremely high levels of resistance to these antimicrobials.,"no longer recommended for treatment, high to extremely high resistance, human and animal origins",medium,5,PENDING,,,
44_eu_amr_report_2022,44_eu_amr_report_2022,44_eu_amr_report_2022_TE3,technical,"From 2021 onwards, what method was authorized as an alternative to the supplementary (panel 2) phenotypic testing for Salmonella and indicator E. coli isolates showing resistance to extended-spectrum cephalosporins and/or carbapenems?",Whole genome sequencing (WGS) was authorized as an alternative method to supplementary phenotypic testing for these resistant isolates.,"whole genome sequencing, WGS, phenotypic testing alternative, extended-spectrum cephalosporins, carbapenems",hard,5,PENDING,,,
26_gut_meat_quality,26_gut_meat_quality,26_gut_meat_quality_FR1,factual_recall,Which specific bacterial genera are positively correlated with higher intramuscular fat (IMF) content in pigs according to the gut microbiome studies cited?,"According to the paper, the specific bacterial genera positively correlated with higher intramuscular fat (IMF) content in pigs are Ruminococcaceae_NK4A214_group, Parabacteroides, and Christensenellaaceae_R-7_group. These genera were found to have higher relative abundances in correlation with increased IMF.","Ruminococcaceae_NK4A214_group, Parabacteroides, Christensenellaaceae_R-7_group, intramuscular fat, pigs",easy,3,PENDING,,,
26_gut_meat_quality,26_gut_meat_quality,26_gut_meat_quality_CO2,conceptual,How do short-chain fatty acids (SCFAs) bridge the gap between dietary fiber intake and the regulation of host fat accumulation and metabolism?,"SCFAs are produced through the microbial fermentation of dietary fiber. They regulate host health and meat quality by acting as signaling molecules; specifically, acetate-dependent stimulation of GPR43 in white adipose tissue improves glucose and lipid metabolism, while other SCFA-driven pathways involve the modulation of TLR4, mTOR, and PPAR signaling to influence fat accumulation.","microbial fermentation, GPR43, mTOR, PPAR, lipid metabolism, signaling pathways",medium,"2, 4, 6, 9",PENDING,,,
26_gut_meat_quality,26_gut_meat_quality,26_gut_meat_quality_TE3,technical,"What metric is used to quantify the impact of the gut microbiome on rabbit finishing weight, and which specific host genes are highlighted as part of the microbial-influenced pathway for intramuscular fat accumulation?","The gut microbiome explains nearly 11% of the variation in the finishing weight of rabbits. In terms of molecular pathways, the host genes Fabp9 and Scd1 are specifically identified as being related to intramuscular fat accumulation in connection with gut microorganisms like Prevotella and Alistipes.","11% variation, finishing weight, Fabp9, Scd1, intramuscular fat",hard,"4, 5",PENDING,,,
02_snakemake,02_snakemake,02_snakemake_FR1,factual_recall,"According to the performance benchmarks provided in the paper, what are the specific time and memory requirements for the Snakemake scheduler to compute a graph of 90,000 jobs?","The Snakemake scheduler requires 37 seconds and 1.1 GB of memory to compute a graph for 90,000 jobs. This performance demonstrates that the scheduler scales linearly as the number of jobs increases.","37 seconds, 1.1 GB, 90,000 jobs, linear scaling",medium,18,PENDING,,,
02_snakemake,02_snakemake,02_snakemake_CO2,conceptual,How does Snakemake's implementation of a blockchain-style hashing scheme facilitate cross-workflow result caching?,"Snakemake employs a blockchain-style SHA-256 hashing scheme to create unique identifiers for job states based on code, parameters, and input data. This allows the system to recognize identical tasks across different workflow runs or projects, enabling the reuse of cached results and ensuring traceability of the data provenance.","SHA-256, hashing, result caching, cross-workflow, provenance",medium,12,PENDING,,,
02_snakemake,02_snakemake,02_snakemake_TE3,technical,Explain the technical approach Snakemake uses to optimize job scheduling and how it handles job submission overhead in cluster or cloud environments.,"Snakemake uses Mixed Integer Linear Programming (MILP) to solve the scheduling problem by defining an objective function and constraints related to resources and temporary files. To handle overhead in cluster or cloud environments, it utilizes graph partitioning to group multiple rules/jobs into a single submitted unit, which reduces the frequency and cost of job submissions.","Mixed Integer Linear Programming (MILP), objective function, graph partitioning, job grouping, cluster/cloud overhead",hard,"10, 13",PENDING,,,
48_myc_oncogene,48_myc_oncogene,48_myc_oncogene_FR1,factual_recall,How many primary MYC-induced and repressed genes were identified via RNA-seq following a 16-hour inactivation of MYC?,"Following a 16-hour short-term inactivation of MYC, RNA-seq analysis identified approximately 1,200–1,400 primary MYC-induced and repressed genes. These genes represent the subset that requires continuous MYC activity for their activation or repression.","1,200–1,400, primary genes, 16-hour inactivation, RNA-seq, MYC-induced",easy,1,PENDING,,,
48_myc_oncogene,48_myc_oncogene,48_myc_oncogene_CO2,conceptual,"Based on the findings regarding the V394D mutant, what is the functional significance of the MYC-MIZ1 interaction in the context of liver tumor development?","The interaction between MYC and the corepressor MIZ1 is essential for liver tumor initiation and the effective repression of specific target genes. Mice with the MYC-V394D mutant, which cannot bind MIZ1, exhibit impaired cellular transformation and significantly delayed tumorigenesis compared to wild-type MYC, indicating that MYC's ability to repress genes via MIZ1 is a critical driver of oncogenesis.","MIZ1, tumor initiation, V394D mutant, gene repression, cellular transformation",medium,"3, 7",PENDING,,,
48_myc_oncogene,48_myc_oncogene,48_myc_oncogene_TE3,technical,"How does MYC activity influence RNA Polymerase II (RNAPII) across different gene categories, and how does this relate to the predictive power of MYC-binding profiles?","MYC influences gene expression primarily by regulating the loading of RNA Polymerase II (RNAPII) at both activated and repressed loci. Despite this regulatory role, genomic MYC-binding profiles obtained by ChIP-seq are not predictive of whether a gene will be up- or downregulated, because overexpressed MYC associates widely with already active promoters regardless of whether those genes are primary or secondary MYC targets.","RNAPII loading, ChIP-seq, active promoters, binding profiles, up- or downregulated",hard,"7, 8",PENDING,,,
13_lsd_nepal,13_lsd_nepal,13_lsd_nepal_FR1,factual_recall,"What were the overall morbidity, mortality, and case fatality rates recorded during the LSD outbreak in the study area?","The overall morbidity rate of LSD in the study area was 28.02%, while the mortality rate was 3.06%. Additionally, the case fatality rate (CFR) for the outbreak was calculated to be 10.90%, based on 47 deaths out of 431 sick animals.","morbidity rate 28.02%, mortality rate 3.06%, case fatality rate, 10.90%, Nawalpur district",easy,1,PENDING,,,
13_lsd_nepal,13_lsd_nepal,13_lsd_nepal_CO2,conceptual,"Based on the epidemiological data, which specific cattle group was most affected by the outbreak and what were the primary clinical manifestations observed?","Dry cattle, including pregnant cows and heifers, were the most affected group with a morbidity rate of 47.62%, which was higher than that of milking cattle. The outbreak was primarily characterized by skin nodules, found in 97% of case farms, followed by a significant decrease in milk production and lameness.","dry cattle, morbidity, skin nodules, milk production, heifers, lameness",medium,5-6,PENDING,,,
13_lsd_nepal,13_lsd_nepal,13_lsd_nepal_TE3,technical,"According to the multivariable logistic regression analysis, what was identified as the most significant risk factor for LSD transmission and what were its associated statistical metrics?","The multivariable analysis identified the presence of clinical signs in neighboring farms as the most significant risk factor for the spread of LSD. This variable showed an Odds Ratio (OR) of 88.45, with a 95% Confidence Interval of 13.27–589.36 and a statistical significance of p < 0.001.","multivariable logistic regression, Odds Ratio, neighboring farms, 88.45, 95% CI, p-value",hard,7,PENDING,,,
09_seqkit,09_seqkit,09_seqkit_FR1,factual_recall,Which operating systems are supported by SeqKit and what are the requirements for their installation and configuration?,"SeqKit provides executable binary files for all major operating systems, specifically Windows, Linux, and Mac OSX. These binaries are designed to be used directly without the need for any external dependencies or pre-configurations.","Windows, Linux, Mac OSX, executable binary, dependencies",easy,1,PENDING,,,
09_seqkit,09_seqkit,09_seqkit_CO2,conceptual,How does SeqKit achieve stable memory usage and efficiency when processing datasets that are significantly larger than the human genome?,"SeqKit maintains a stable peak memory usage of approximately 750-780 Mb by implementing a two-pass file reading mode and using indices instead of loading entire files into memory. Additionally, it utilizes MD5 digests to represent sequence content, which allows for memory-efficient deduplication even when the input data volume increases up to 32 times the human genome size.","two-pass mode, MD5 digests, deduplication, peak memory, indices",medium,"1, 8",PENDING,,,
09_seqkit,09_seqkit,09_seqkit_TE3,technical,"What specific technical optimization was applied to SeqKit's reverse complementation process, and what was the measured performance gain compared to using standard hash maps?","The authors optimized the reverse complementation process by using a slice data structure and ASCII code indexing. This approach replaced the standard use of hash maps, resulting in an approximate 20-fold (20x) increase in execution speed.","reverse complementation, slice data structure, ASCII code indexing, hash maps, 20x speedup",hard,1,PENDING,,,
03_nfcore_framework,03_nfcore_framework,03_nfcore_framework_FR1,factual_recall,"According to the findings, what was the specific reduction in storage usage for the work directory when switching from BAM to CRAM, and what were the corresponding data volumes?","Switching from BAM to CRAM format reduced the storage usage for the work directory by 65%. Specifically, the storage volume dropped from 170.4 TB when using BAM to 59.7 TB when using CRAM.","65% reduction, CRAM, 170.4 TB, 59.7 TB, work directory",easy,7,PENDING,,,
03_nfcore_framework,03_nfcore_framework,03_nfcore_framework_CO2,conceptual,How does the nf-core/sarek 3.1.1 pipeline leverage architectural and methodological changes to optimize cost and performance for large-scale data analysis?,"The pipeline achieves significant optimization by transitioning to the Nextflow DSL2 framework, which allows for modular design and intra-sample parallelization through FastQ sharding. By combining these parallelization techniques with a switch from BAM to CRAM internal file formats and the integration of modern tools like DeepVariant, the system realizes a 70% reduction in commercial cloud costs and up to an 84% reduction in runtime for single samples.","Nextflow DSL2, intra-sample parallelization, sharding, CRAM, 70% cost reduction",medium,"1, 2, 6, 8",PENDING,,,
03_nfcore_framework,03_nfcore_framework,03_nfcore_framework_TE3,technical,"Based on the benchmarking of mapping processes, what was the numerical impact of input sharding on median runtime, and at what point was the maximum efficiency plateau reached?",Sharding the input files for intra-sample parallelization reduced the median runtime of the mapping processes to 37% of the original time. The benchmarking results show that this reduction in runtime reaches a performance plateau when the input is divided into 12 shards.,"sharding, median runtime, 37%, 12 shards, plateau",hard,"7, 8",PENDING,,,
06_star_aligner,06_star_aligner,06_star_aligner_FR1,factual_recall,"What is the reported mapping speed of STAR when using a 12-core server for 2 x 76 bp paired-end reads, and how does this compare to other aligners?",STAR can align 550 million 2 x 76 bp paired-end reads per hour to the human genome on a 12-core server. This performance makes STAR approximately 50 times faster than other existing RNA-seq aligners available at the time of the study.,"550 million reads per hour, 12-core server, 50 times faster, paired-end reads",easy,1,PENDING,,,
06_star_aligner,06_star_aligner,06_star_aligner_CO2,conceptual,How does the Maximum Mappable Prefix (MMP) search mechanism facilitate the identification of diverse sequence features beyond simple genomic mapping?,"The MMP search identifies the longest prefix of a read that matches the reference genome perfectly. By sequentially applying this search to the unmapped portions of a read, STAR can discovery diverse features such as splice junctions (canonical and non-canonical), mismatches, and sequence tails like poly-A stretches or adapters, as well as chimeric/fusion junctions.","Sequential search, splice junctions, mismatches, sequence tails, chimeric junctions",medium,1-2,PENDING,,,
06_star_aligner,06_star_aligner,06_star_aligner_TE3,technical,"According to the experimental benchmarks using ENCODE datasets, what percentage of reads did STAR successfully align, and which other aligner achieved a similar percentage?","In the experimental ENCODE datasets, STAR aligned 94% of the reads. This percentage was the highest among the tested tools and was matched only by the GSNAP aligner, while other tools like RUM, MapSplice, and TopHat2 aligned significantly fewer reads (86%, 85%, and 71% respectively).","94%, ENCODE datasets, GSNAP, TopHat2, alignment percentage",medium,3,PENDING,,,
22_pig_mags,22_pig_mags,22_pig_mags_FR1,factual_recall,"What percentage of the recovered metagenome-assembled genomes (MAGs) were assigned to species without cultured representatives, and what does this suggest about the swine gut microbiome?",82% of the MAGs were assigned to species that lack cultured representatives. This finding indicates that a large portion of the swine gut microbiome remains poorly characterized and potentially contains many novel species.,"82%, uncultured species, swine gut microbiome, poorly characterized, MAGs",easy,1,PENDING,,,
22_pig_mags,22_pig_mags,22_pig_mags_CO2,conceptual,"Based on the study's findings, how does the transition from nursing to weaning impact the taxonomic composition and relative abundance of specific bacterial groups in pigs?","Weaning is associated with a significant shift in the microbiome, characterized by a decrease in the relative abundance of 69 MAGs, such as E. coli, and an increase in 140 MAGs, including Clostridium sp000435835. This transition is further visualized in a phylogenetic tree (Figure 1) which maps these changes alongside taxonomic classification and CAZyme counts to show how the community structure adapts to post-weaning conditions.","weaning, relative abundance, E. coli, Clostridium sp000435835, taxonomic classification, microbial shift",medium,"1, 3",PENDING,,,
22_pig_mags,22_pig_mags,22_pig_mags_TE3,technical,"Describe the bioinformatic workflow and specific quality thresholds used to identify, assess, and dereplicate the non-redundant MAGs reported in this research.","The study utilized MEGAHIT for de novo assembly and MetaBAT 2 for binning. Quality assessment was performed using CheckM, requiring >90% completeness and <5% contamination for high-quality MAGs, which were then dereplicated using dRep with a 99% Average Nucleotide Identity (ANI) threshold.","MEGAHIT, MetaBAT 2, CheckM, dRep, 99% ANI, completeness and contamination",hard,"1, 2",PENDING,,,
45_kenya_amr_digital,45_kenya_amr_digital,45_kenya_amr_digital_FR1,factual_recall,How many surveillance sites submitted data to the WHO Global Antimicrobial Resistance and Use Surveillance System (GLASS) during the 2022 data call?,"In the 2022 data call, Kenya submitted data from 16 surveillance sites. This represents a significant increase from the 6 sites that submitted data in 2021.","16 surveillance sites, WHO GLASS, 2022 data call, reporting capacity",easy,4,PENDING,,,
45_kenya_amr_digital,45_kenya_amr_digital,45_kenya_amr_digital_CO2,conceptual,How does the OHAMRS architecture enable a One Health approach to antimicrobial resistance surveillance?,"The OHAMRS integrates human and animal health data by routing information from various surveillance sites into a centralized national Central Data Warehouse (CDW). Using Open Interop middleware for interoperability and DHIS2 for visualization, the system creates a unified platform where 17 of the 42 dashboards are specifically dedicated to monitoring priority pathogens across both sectors.","One Health approach, Central Data Warehouse (CDW), Open Interop middleware, DHIS2, human and animal health integration",medium,"1, 5",PENDING,,,
45_kenya_amr_digital,45_kenya_amr_digital,45_kenya_amr_digital_TE3,technical,"What are the three specific methods used by the 17 human health surveillance sites to submit data to the system, and what is the percentage breakdown for each method?","The data submission methods for the 17 sites include Laboratory Information Management Systems (LIMS) at 43%, MS-Excel templates at 38%, and WHONET at 19%. This variety in submission methods allows for flexibility depending on the technological capacity of the individual laboratory.","LIMS (43%), MS-Excel template (38%), WHONET (19%), data submission methods, human health sector",hard,4,PENDING,,,
30_aquaculture_metagenomics,30_aquaculture_metagenomics,30_aquaculture_metagenomics_FR1,factual_recall,"What specific percentages of prokaryotes, eukaryotes, archaea, and viruses were identified using the shotgun metagenomics data?","According to the shotgun metagenomics data, the community profile consisted of 75.55% prokaryotes, 23.97% eukaryotes, 0.24% archaea, and 0.24% viruses.","shotgun metagenomics, prokaryotes, eukaryotes, archaea, viruses",easy,11,PENDING,,,
30_aquaculture_metagenomics,30_aquaculture_metagenomics,30_aquaculture_metagenomics_CO2,conceptual,"How do the three sequencing approaches (16S rRNA, PacBio long-read, and shotgun metagenomics) differ in their contribution to the study's characterization of the microbial environment?","16S rRNA sequencing is used to track spatio-temporal patterns and alpha richness across samples. PacBio long-read amplicons provide higher taxonomic resolution to identify specific species and pathogens, while shotgun metagenomics provides a cross-domain view that includes non-bacterial organisms such as fungi and viruses.","spatio-temporal patterns, taxonomic resolution, pathogen detection, non-bacterial domains, community composition",medium,"9, 11",PENDING,,,
30_aquaculture_metagenomics,30_aquaculture_metagenomics,30_aquaculture_metagenomics_TE3,technical,"Based on the comparative analysis of the Earth (V4) and MiSeq (V3-V4) primers, what were the quantitative differences in alpha richness and how did this impact the interpretation of community structure?","The Earth primers (V4) yielded a higher alpha richness (1070–2240 ASVs) compared to the MiSeq primers (V3-4: 441–1962 ASVs). However, the choice of primer did not impact the observed community structure, as both primers resulted in identical patterns when analyzed via Multidimensional scaling (MDS) plots.","alpha richness, ASVs, V4 region, V3-V4 region, MDS plots, community structure",hard,9,PENDING,,,
14_bovine_tb_cameroon,14_bovine_tb_cameroon,14_bovine_tb_cameroon_FR1,factual_recall,What were the specific bovine tuberculosis (bTB) prevalence estimates calculated in this study based on the different diagnostic tests and thresholds used?,"The study estimated the prevalence of bTB as 6.8% (95% CI: 4.35%–9.41%) for the Comparative Intradermal Tuberculin Test (CIDT) at a 3 mm threshold, 0.6% (95% CI: 0%–1.2%) for the CIDT at a 4 mm threshold, and 1.8% (95% CI: 0%–3.6%) for the Simple Intradermal Tuberculin Test (SITT) at a 4 mm threshold.","CIDT, SITT, threshold, prevalence, 3 mm, 4 mm",easy,4,PENDING,,,
14_bovine_tb_cameroon,14_bovine_tb_cameroon,14_bovine_tb_cameroon_CO2,conceptual,How does the choice of diagnostic method and skinfold thickness threshold impact the assessment of bTB exposure according to the study's findings?,"The prevalence of bTB is highly sensitive to both the type of test (CIDT vs. SITT) and the specific millimeter threshold applied to the skinfold reaction. The results show that using a more stringent 4 mm threshold for CIDT results in a much lower prevalence (0.6%) compared to a 3 mm threshold (6.8%), indicating that the diagnostic interpretation grid significantly shifts the perceived disease burden within the same cattle population.","diagnostic test, skinfold thickness, interpretation grid, sensitivity, threshold variation",medium,4,PENDING,,,
14_bovine_tb_cameroon,14_bovine_tb_cameroon,14_bovine_tb_cameroon_TE3,technical,Which specific statistical software and metrics were employed to refine the logistic regression models and verify the independence of the identified risk factors?,"The researchers used R software for univariate and multivariate logistic regression modeling. To ensure the quality and proper selection of the models, the Akaike Information Criterion (AIC) was utilized, and the Variance Inflation Factor (VIF) was calculated to test for multi-collinearity among the variables in the final model.","R software, Akaike Information Criterion (AIC), Variance Inflation Factor (VIF), multi-collinearity, logistic regression",medium,1,PENDING,,,
27_inap_pipeline,27_inap_pipeline,27_inap_pipeline_FR1,factual_recall,"What are the names of the two specialized pipelines integrated into iNAP, and what specific types of microbial associations do they represent?","iNAP integrates the molecular ecological network analysis pipeline (MENAP) and the interdomain ecological network analysis pipeline (IDENAP). These pipelines correspond to the intradomain and interdomain associations of microbial species, respectively.","MENAP, IDENAP, intradomain, interdomain, microbial species",easy,1,PENDING,,,
27_inap_pipeline,27_inap_pipeline,27_inap_pipeline_CO2,conceptual,How does the iNAP system facilitate the visualization and downstream interpretation of the generated ecological networks?,"iNAP provides automated visualization outputs that are directly compatible with major public-friendly software programs, specifically Cytoscape and Gephi. This allows users to interpret the data by visualizing networks through different lenses, such as coloring by taxonomic groups or module compartments to reveal the underlying biological structure.","Cytoscape, Gephi, taxonomic group, module compartments, network visualization",medium,"5, 7",PENDING,,,
27_inap_pipeline,27_inap_pipeline,27_inap_pipeline_TE3,technical,Which specific algorithms and methods does iNAP recommend for constructing networks from non-temporal versus temporal microbial datasets?,"For non-temporal datasets, iNAP recommends SparCC, SPIEC-EASI, and RMT-based Pearson's and Spearman's correlations. For temporal datasets, the system suggests using eLSA/LA along with RMT-based Pearson's and Spearman's approaches to identify associations.","SparCC, SPIEC-EASI, eLSA, Random Matrix Theory (RMT), non-temporal, temporal",hard,"2, 3",PENDING,,,
32_amr_livestock_environment,32_amr_livestock_environment,32_amr_livestock_environment_FR1,factual_recall,What is the projected annual human mortality rate associated with antimicrobial resistance by the year 2050 if current trends continue?,"According to the paper, there is an anticipation of 10 million annual AR-associated deaths by 2050 if current trends continue.","10 million, annual deaths, 2050, current trends",easy,1,PENDING,,,
32_amr_livestock_environment,32_amr_livestock_environment,32_amr_livestock_environment_CO2,conceptual,How do the interconnected domains of the One Health framework contribute to the cycle of antimicrobial resistance dissemination?,"The One Health perspective describes a flow where livestock act as significant reservoirs for zoonotic pathogens (like E. coli and Salmonella) carrying resistance genes. These resistance genes and unchanged antibiotics (excreted at rates of 30-90%) are released into soil and water ecosystems, which serve as a 'global resistome' and repository, ultimately allowing resistance to cycle back to humans through environmental and animal contact.","One Health, livestock reservoirs, global resistome, antibiotic excretion, AR dissemination",hard,"2, 4, 5, 7",PENDING,,,
32_amr_livestock_environment,32_amr_livestock_environment,32_amr_livestock_environment_TE3,technical,"Based on statistical modeling estimates, what was the estimated global antimicrobial usage in livestock for 2020 and what is the projected usage for 2030?","Global antimicrobial usage in livestock was estimated at 99,502 tons in 2020. It is projected to increase by 8% to reach a total of 107,472 tons by 2030.","99,502 tons, 107,472 tons, 8% increase, 2030 projection",medium,2,PENDING,,,
15_rabies_tanzania,15_rabies_tanzania,15_rabies_tanzania_FR1,factual_recall,"How many human rabies deaths were recorded during the study period, and what was observed regarding their treatment status?","A total of 48 human rabies deaths were identified over the 2002-2022 study period, with the number of deaths peaking in 2011. Notably, none of the victims of these recorded deaths had completed a full course of post-exposure vaccinations.","48 human rabies deaths, post-exposure vaccinations, 2011 peak, Serengeti District",easy,8,PENDING,,,
15_rabies_tanzania,15_rabies_tanzania,15_rabies_tanzania_CO2,conceptual,Explain how spatial heterogeneity in vaccination coverage impacts the persistence of rabies even when average coverage targets are met.,"Spatial heterogeneity in vaccination coverage acts as a significant driver of rabies persistence because uneven distribution among villages creates pockets of high susceptibility. The study's power mean susceptibility models demonstrated that for the same average coverage, high heterogeneity among non-focal villages resulted in an effective focal incidence 2.6 times greater than a scenario with homogeneous coverage.","spatial heterogeneity, power mean susceptibility, focal incidence, homogeneous distribution, rabies persistence",hard,"9, 13",PENDING,,,
15_rabies_tanzania,15_rabies_tanzania,15_rabies_tanzania_TE3,technical,"What methodological approach and software tool were used to distinguish between local rabies transmission and disease incursions, and how did the proportion of incursions change by 2022?","The study utilized transmission-tree reconstruction using the 'treerabid' R package to identify rabies incursions from outside the district. The analysis found that as local transmission was interrupted, the proportion of cases attributed to incursions rose significantly, reaching 50% of all recorded cases in 2022, compared to only 3% prior to 2018.","treerabid R package, transmission-tree reconstruction, disease incursions, local transmission, 50% of cases",medium,"10, 14",PENDING,,,
42_campylobacter_wgs_thailand,42_campylobacter_wgs_thailand,42_campylobacter_wgs_thailand_FR1,factual_recall,"Which specific sequence type was identified as the most prominent in the study, and what was the assigned number for the novel sequence type discovered?","The most prominent sequence type identified was ST 2274, which accounted for 19.2% of the isolates (5 out of 26). The study also discovered a novel sequence type assigned the number ST 13540 by PubMLST.","ST 2274, ST 13540, PubMLST, prominent sequence type",easy,"1, 5",PENDING,,,
42_campylobacter_wgs_thailand,42_campylobacter_wgs_thailand,42_campylobacter_wgs_thailand_CO2,conceptual,"Based on the findings, how do the genotypic markers for resistance in C. jejuni relate to its observed phenotypic resistance against fluoroquinolones?","There is a high correlation between genotypic markers and phenotypic resistance in C. jejuni; 95.2% of the isolates possessed gyrA point mutations, which aligns with the finding that 100% of the C. jejuni isolates demonstrated phenotypic resistance to the fluoroquinolones ciprofloxacin and enrofloxacin, as well as nalidixic acid.","gyrA mutations, fluoroquinolones, ciprofloxacin, phenotypic resistance, genotype-phenotype correlation",medium,1,PENDING,,,
42_campylobacter_wgs_thailand,42_campylobacter_wgs_thailand,42_campylobacter_wgs_thailand_TE3,technical,Describe the bioinformatic tools and methods used for the de novo assembly and the subsequent identification of antimicrobial resistance genes and virulence factors.,"The study performed de novo assembly of Illumina MiSeq reads using SPAdes. For bioinformatic analysis, ResFinder was utilized to identify antimicrobial resistance genes (ARGs), while the Virulence Factor Database (VFDB) was used to detect virulence factors and Kmerfinder was used for species identification.","SPAdes, ResFinder, VFDB, Kmerfinder, Illumina MiSeq",medium,1,PENDING,,,
25_dairy_cow_feed,25_dairy_cow_feed,25_dairy_cow_feed_FR1,factual_recall,"Which specific genomic regions were identified as co-localizing the rumen microbiome and feed efficiency traits, and where was the cluster on BTA11 located?","Significant genomic regions co-localizing the rumen microbiome and feed efficiency traits were identified on BTA3, BTA7, and BTA11. Specifically, on BTA11, two significant co-localized SNPs between dry matter intake (DMI) and the rumen microbiome clustered in the region of 6.1–6.2 Mb.","BTA3, BTA7, BTA11, 6.1–6.2 Mb, co-localization",easy,6,PENDING,,,
25_dairy_cow_feed,25_dairy_cow_feed,25_dairy_cow_feed_CO2,conceptual,"How does the host genome at Chr3: 116.5 Mb influence residual feed intake (RFI), and what role do microbes play in this relationship?","The cow genome at Chr3: 116.5 Mb does not affect residual feed intake (RFI) directly; instead, it affects RFI indirectly through mediation. This relationship is mediated by the abundance of specific microbes, including Syntrophococcus, Prevotella, and an unknown genus belonging to the Class Bacilli.","indirect effect, mediation, Syntrophococcus, Prevotella, Class Bacilli, RFI",medium,8,PENDING,,,
25_dairy_cow_feed,25_dairy_cow_feed,25_dairy_cow_feed_TE3,technical,"What specific algorithm was used for causal structural learning in the study, and how was the stability of the resulting causal networks evaluated?","The researchers used the Incremental Association Markov Blanket (IAMB) algorithm for causal structural learning, which utilized Fisher’s Z test for conditional independence. The stability of the resulting causal networks was evaluated using Jackknife resampling.","Incremental Association Markov Blanket, IAMB, Jackknife resampling, Fisher’s Z test, causal structural learning",hard,1,PENDING,,,
